-- ==========================
-- HOSPITAL 테이블 더미 데이터
-- ==========================
INSERT INTO hospital (tenant_id, hospital_name)
VALUES
    ('SEO25NE01', '강북삼성병원'),
    ('SEO25W102', '건국대학교병원'),
    ('SEO25ZG03', '경희대학교병원'),
    ('SEO25NY04', '고려대 구로병원'),
    ('SEO259W05', '삼성서울병원'),
    ('SEO25KG06', '서울대학교병원'),
    ('SEO25D107', '연세대 신촌세브란스'),
    ('SEO25JM08', '이화여대 목동병원'),
    ('SEO25LH09', '서울아산병원'),
    ('SEO25HG10', '중앙대학교병원');
-- ==========================
-- BUILDING 테이블 더미 데이터
-- ==========================
INSERT INTO building (tenant_id, building_name, building_code) VALUES
    -- 강북삼성병원 (3개)
    ('SEO25NE01', '본관동', 'A'),
    ('SEO25NE01', '암센터', 'B'),
    ('SEO25NE01', '건강검진센터', 'C'),

    -- 건국대학교병원 (3개)
    ('SEO25W102', '본관동', 'D'),
    ('SEO25W102', '외래동', 'E'),
    ('SEO25W102', '검진센터', 'F'),

    -- 경희대학교병원 (3개)
    ('SEO25ZG03', '본관동', 'G'),
    ('SEO25ZG03', '심장센터', 'H'),
    ('SEO25ZG03', '영상의학센터', 'I'),

    -- 고려대 구로병원 (2개)
    ('SEO25NY04', '본관동', 'J'),
    ('SEO25NY04', '암센터', 'K'),

    -- 삼성서울병원 (3개)
    ('SEO259W05', '본관동', 'L'),
    ('SEO259W05', '암센터', 'M'),
    ('SEO259W05', '건강검진센터', 'N'),

    -- 서울대학교병원 (2개)
    ('SEO25KG06', '본관동', 'O'),
    ('SEO25KG06', '연구동', 'P'),

    -- 연세대 신촌세브란스 (2개)
    ('SEO25D107', '본관동', 'Q'),
    ('SEO25D107', '입원동', 'R'),

    -- 이화여대 목동병원 (2개)
    ('SEO25JM08', '본관동', 'S'),
    ('SEO25JM08', '통합센터', 'T'),

    -- 서울아산병원 (3개)
    ('SEO25LH09', '본관동', 'U'),
    ('SEO25LH09', '내시경센터', 'V'),
    ('SEO25LH09', '진단검사의학센터', 'W'),

    -- 중앙대학교병원 (2개)
    ('SEO25HG10', '본관동', 'X'),
    ('SEO25HG10', '통합병동', 'Y');

-- ==========================
-- DEPARTMENT 테이블 더미 데이터
-- ==========================
INSERT INTO department (tenant_id, department_name, department_code) VALUES
    ('SEO25NE01', '내과', 'DEPT001'),
    ('SEO25NE01', '정형외과', 'DEPT002'),
    ('SEO25NE01', '피부과', 'DEPT003'),
    ('SEO25W102', '외과', 'DEPT004'),
    ('SEO25W102', '산부인과', 'DEPT005'),
    ('SEO25W102', '소아청소년과', 'DEPT006'),
    ('SEO25ZG03', '신경과', 'DEPT007'),
    ('SEO25ZG03', '흉부외과', 'DEPT008'),
    ('SEO25ZG03', '응급의학과', 'DEPT009'),
    ('SEO25NY04', '내과', 'DEPT010'),
    ('SEO25NY04', '외과', 'DEPT011'),
    ('SEO25NY04', '신경과', 'DEPT012'),
    ('SEO259W05', '소아청소년과', 'DEPT013'),
    ('SEO259W05', '피부과', 'DEPT014'),
    ('SEO259W05', '정형외과', 'DEPT015'),
    ('SEO25KG06', '내과', 'DEPT016'),
    ('SEO25KG06', '신경과', 'DEPT017'),
    ('SEO25KG06', '정신건강의학과', 'DEPT018'),
    ('SEO25D107', '외과', 'DEPT019'),
    ('SEO25D107', '산부인과', 'DEPT020'),
    ('SEO25D107', '피부과', 'DEPT021'),
    ('SEO25JM08', '응급의학과', 'DEPT022'),
    ('SEO25JM08', '비뇨의학과', 'DEPT023'),
    ('SEO25JM08', '소아청소년과', 'DEPT024'),
    ('SEO25LH09', '내과', 'DEPT025'),
    ('SEO25LH09', '흉부외과', 'DEPT026'),
    ('SEO25LH09', '정형외과', 'DEPT027'),
    ('SEO25HG10', '피부과', 'DEPT028'),
    ('SEO25HG10', '외과', 'DEPT029'),
    ('SEO25HG10', '정신건강의학과', 'DEPT030');

-- ==========================
-- AREA 테이블 더미 데이터
-- ==========================
INSERT INTO area (tenant_id, building_id, area_name, area_code) VALUES
    ('SEO25NE01', 1, 'MRI실', 'A_01_01'),
    ('SEO25NE01', 1, '진료실', 'A_01_02'),
    ('SEO25NE01', 1, '수술실', 'A_01_03'),
    ('SEO25NE01', 1, '재활센터', 'A_02_01'),
    ('SEO25NE01', 1, '상담실', 'A_02_02'),
    ('SEO25NE01', 1, 'CT실', 'A_02_03'),
    ('SEO25NE01', 1, '영상의학센터', 'A_03_01'),
    ('SEO25NE01', 1, 'MRI실', 'A_03_02'),
    ('SEO25NE01', 1, '재활센터', 'A_03_03'),
    ('SEO25NE01', 2, '대기실', 'B_01_01'),
    ('SEO25NE01', 2, '상담실', 'B_01_02'),
    ('SEO25NE01', 2, '영상의학센터', 'B_01_03'),
    ('SEO25NE01', 2, '중환자실', 'B_02_01'),
    ('SEO25NE01', 2, 'MRI실', 'B_02_02'),
    ('SEO25NE01', 2, 'CT실', 'B_02_03'),
    ('SEO25NE01', 2, '응급실', 'B_03_01'),
    ('SEO25NE01', 2, '영상의학센터', 'B_03_02'),
    ('SEO25NE01', 2, '대기실', 'B_03_03'),
    ('SEO25NE01', 3, '검사실', 'C_01_01'),
    ('SEO25NE01', 3, '중환자실', 'C_01_02'),
    ('SEO25NE01', 3, '입원실', 'C_01_03'),
    ('SEO25NE01', 3, '대기실', 'C_02_01'),
    ('SEO25NE01', 3, 'X-ray실', 'C_02_02'),
    ('SEO25NE01', 3, 'MRI실', 'C_02_03'),
    ('SEO25NE01', 3, '초음파실', 'C_03_01'),
    ('SEO25NE01', 3, '입원실', 'C_03_02'),
    ('SEO25NE01', 3, '중환자실', 'C_03_03'),
    ('SEO25W102', 4, '영상의학센터', 'D_01_01'),
    ('SEO25W102', 4, '대기실', 'D_01_02'),
    ('SEO25W102', 4, '영상의학센터', 'D_01_03'),
    ('SEO25W102', 4, 'CT실', 'D_02_01'),
    ('SEO25W102', 4, 'X-ray실', 'D_02_02'),
    ('SEO25W102', 4, '중환자실', 'D_02_03'),
    ('SEO25W102', 4, '영상의학센터', 'D_03_01'),
    ('SEO25W102', 4, '입원실', 'D_03_02'),
    ('SEO25W102', 4, '응급실', 'D_03_03'),
    ('SEO25W102', 5, '영상의학센터', 'E_01_01'),
    ('SEO25W102', 5, 'MRI실', 'E_01_02'),
    ('SEO25W102', 5, '입원실', 'E_01_03'),
    ('SEO25W102', 5, '수술실', 'E_02_01'),
    ('SEO25W102', 5, '재활센터', 'E_02_02'),
    ('SEO25W102', 5, '검사실', 'E_02_03'),
    ('SEO25W102', 5, '입원실', 'E_03_01'),
    ('SEO25W102', 5, '재활센터', 'E_03_02'),
    ('SEO25W102', 5, '입원실', 'E_03_03'),
    ('SEO25W102', 6, '영상의학센터', 'F_01_01'),
    ('SEO25W102', 6, '영상의학센터', 'F_01_02'),
    ('SEO25W102', 6, '응급실', 'F_01_03'),
    ('SEO25W102', 6, '내시경실', 'F_02_01'),
    ('SEO25W102', 6, '검사실', 'F_02_02'),
    ('SEO25W102', 6, '입원실', 'F_02_03'),
    ('SEO25W102', 6, '초음파실', 'F_03_01'),
    ('SEO25W102', 6, '수술실', 'F_03_02'),
    ('SEO25W102', 6, '진료실', 'F_03_03'),
    ('SEO25ZG03', 7, '재활센터', 'G_01_01'),
    ('SEO25ZG03', 7, '검사실', 'G_01_02'),
    ('SEO25ZG03', 7, '초음파실', 'G_01_03'),
    ('SEO25ZG03', 7, '진료실', 'G_02_01'),
    ('SEO25ZG03', 7, '수술실', 'G_02_02'),
    ('SEO25ZG03', 7, '초음파실', 'G_02_03'),
    ('SEO25ZG03', 7, '채혈실', 'G_03_01'),
    ('SEO25ZG03', 7, '수술실', 'G_03_02'),
    ('SEO25ZG03', 7, 'CT실', 'G_03_03'),
    ('SEO25ZG03', 8, '대기실', 'H_01_01'),
    ('SEO25ZG03', 8, '영상의학센터', 'H_01_02'),
    ('SEO25ZG03', 8, '초음파실', 'H_01_03'),
    ('SEO25ZG03', 8, '초음파실', 'H_02_01'),
    ('SEO25ZG03', 8, '수술실', 'H_02_02'),
    ('SEO25ZG03', 8, 'CT실', 'H_02_03'),
    ('SEO25ZG03', 8, '검사실', 'H_03_01'),
    ('SEO25ZG03', 8, 'CT실', 'H_03_02'),
    ('SEO25ZG03', 8, 'CT실', 'H_03_03'),
    ('SEO25ZG03', 9, '채혈실', 'I_01_01'),
    ('SEO25ZG03', 9, '초음파실', 'I_01_02'),
    ('SEO25ZG03', 9, '상담실', 'I_01_03'),
    ('SEO25ZG03', 9, '초음파실', 'I_02_01'),
    ('SEO25ZG03', 9, '초음파실', 'I_02_02'),
    ('SEO25ZG03', 9, 'MRI실', 'I_02_03'),
    ('SEO25ZG03', 9, '재활센터', 'I_03_01'),
    ('SEO25ZG03', 9, '내시경실', 'I_03_02'),
    ('SEO25ZG03', 9, '영상의학센터', 'I_03_03'),
    ('SEO25NY04', 10, '영상의학센터', 'J_01_01'),
    ('SEO25NY04', 10, '영상의학센터', 'J_01_02'),
    ('SEO25NY04', 10, '대기실', 'J_01_03'),
    ('SEO25NY04', 10, '영상의학센터', 'J_02_01'),
    ('SEO25NY04', 10, '내시경실', 'J_02_02'),
    ('SEO25NY04', 10, '채혈실', 'J_02_03'),
    ('SEO25NY04', 10, '입원실', 'J_03_01'),
    ('SEO25NY04', 10, '내시경실', 'J_03_02'),
    ('SEO25NY04', 10, '입원실', 'J_03_03'),
    ('SEO25NY04', 11, '초음파실', 'K_01_01'),
    ('SEO25NY04', 11, '초음파실', 'K_01_02'),
    ('SEO25NY04', 11, 'X-ray실', 'K_01_03'),
    ('SEO25NY04', 11, '입원실', 'K_02_01'),
    ('SEO25NY04', 11, 'MRI실', 'K_02_02'),
    ('SEO25NY04', 11, '내시경실', 'K_02_03'),
    ('SEO25NY04', 11, '영상의학센터', 'K_03_01'),
    ('SEO25NY04', 11, '재활센터', 'K_03_02'),
    ('SEO25NY04', 11, '영상의학센터', 'K_03_03'),
    ('SEO259W05', 12, '입원실', 'L_01_01'),
    ('SEO259W05', 12, '초음파실', 'L_01_02'),
    ('SEO259W05', 12, '입원실', 'L_01_03'),
    ('SEO259W05', 12, 'MRI실', 'L_02_01'),
    ('SEO259W05', 12, '진료실', 'L_02_02'),
    ('SEO259W05', 12, '입원실', 'L_02_03'),
    ('SEO259W05', 12, 'X-ray실', 'L_03_01'),
    ('SEO259W05', 12, '영상의학센터', 'L_03_02'),
    ('SEO259W05', 12, '대기실', 'L_03_03'),
    ('SEO259W05', 13, 'MRI실', 'M_01_01'),
    ('SEO259W05', 13, '중환자실', 'M_01_02'),
    ('SEO259W05', 13, '입원실', 'M_01_03'),
    ('SEO259W05', 13, '진료실', 'M_02_01'),
    ('SEO259W05', 13, '진료실', 'M_02_02'),
    ('SEO259W05', 13, '수술실', 'M_02_03'),
    ('SEO259W05', 13, '초음파실', 'M_03_01'),
    ('SEO259W05', 13, 'CT실', 'M_03_02'),
    ('SEO259W05', 13, '내시경실', 'M_03_03'),
    ('SEO259W05', 14, '수술실', 'N_01_01'),
    ('SEO259W05', 14, '초음파실', 'N_01_02'),
    ('SEO259W05', 14, 'MRI실', 'N_01_03'),
    ('SEO259W05', 14, '응급실', 'N_02_01'),
    ('SEO259W05', 14, '초음파실', 'N_02_02'),
    ('SEO259W05', 14, '상담실', 'N_02_03'),
    ('SEO259W05', 14, '재활센터', 'N_03_01'),
    ('SEO259W05', 14, 'MRI실', 'N_03_02'),
    ('SEO259W05', 14, '상담실', 'N_03_03'),
    ('SEO25KG06', 15, 'X-ray실', 'O_01_01'),
    ('SEO25KG06', 15, '대기실', 'O_01_02'),
    ('SEO25KG06', 15, '중환자실', 'O_01_03'),
    ('SEO25KG06', 15, '영상의학센터', 'O_02_01'),
    ('SEO25KG06', 15, '채혈실', 'O_02_02'),
    ('SEO25KG06', 15, '상담실', 'O_02_03'),
    ('SEO25KG06', 15, '영상의학센터', 'O_03_01'),
    ('SEO25KG06', 15, '대기실', 'O_03_02'),
    ('SEO25KG06', 15, '진료실', 'O_03_03'),
    ('SEO25KG06', 16, '대기실', 'P_01_01'),
    ('SEO25KG06', 16, '대기실', 'P_01_02'),
    ('SEO25KG06', 16, '초음파실', 'P_01_03'),
    ('SEO25KG06', 16, '응급실', 'P_02_01'),
    ('SEO25KG06', 16, '재활센터', 'P_02_02'),
    ('SEO25KG06', 16, '수술실', 'P_02_03'),
    ('SEO25KG06', 16, '중환자실', 'P_03_01'),
    ('SEO25KG06', 16, '영상의학센터', 'P_03_02'),
    ('SEO25KG06', 16, '초음파실', 'P_03_03'),
    ('SEO25D107', 17, 'X-ray실', 'Q_01_01'),
    ('SEO25D107', 17, '채혈실', 'Q_01_02'),
    ('SEO25D107', 17, '재활센터', 'Q_01_03'),
    ('SEO25D107', 17, '수술실', 'Q_02_01'),
    ('SEO25D107', 17, '검사실', 'Q_02_02'),
    ('SEO25D107', 17, '대기실', 'Q_02_03'),
    ('SEO25D107', 17, '검사실', 'Q_03_01'),
    ('SEO25D107', 17, '중환자실', 'Q_03_02'),
    ('SEO25D107', 17, '중환자실', 'Q_03_03'),
    ('SEO25D107', 18, '대기실', 'R_01_01'),
    ('SEO25D107', 18, '입원실', 'R_01_02'),
    ('SEO25D107', 18, '상담실', 'R_01_03'),
    ('SEO25D107', 18, '영상의학센터', 'R_02_01'),
    ('SEO25D107', 18, '응급실', 'R_02_02'),
    ('SEO25D107', 18, '재활센터', 'R_02_03'),
    ('SEO25D107', 18, 'MRI실', 'R_03_01'),
    ('SEO25D107', 18, '검사실', 'R_03_02'),
    ('SEO25D107', 18, '수술실', 'R_03_03'),
    ('SEO25JM08', 19, '수술실', 'S_01_01'),
    ('SEO25JM08', 19, '수술실', 'S_01_02'),
    ('SEO25JM08', 19, 'X-ray실', 'S_01_03'),
    ('SEO25JM08', 19, '대기실', 'S_02_01'),
    ('SEO25JM08', 19, '내시경실', 'S_02_02'),
    ('SEO25JM08', 19, '초음파실', 'S_02_03'),
    ('SEO25JM08', 19, '초음파실', 'S_03_01'),
    ('SEO25JM08', 19, '중환자실', 'S_03_02'),
    ('SEO25JM08', 19, '초음파실', 'S_03_03'),
    ('SEO25JM08', 20, '상담실', 'T_01_01'),
    ('SEO25JM08', 20, '상담실', 'T_01_02'),
    ('SEO25JM08', 20, 'X-ray실', 'T_01_03'),
    ('SEO25JM08', 20, '입원실', 'T_02_01'),
    ('SEO25JM08', 20, '응급실', 'T_02_02'),
    ('SEO25JM08', 20, '초음파실', 'T_02_03'),
    ('SEO25JM08', 20, '중환자실', 'T_03_01'),
    ('SEO25JM08', 20, '채혈실', 'T_03_02'),
    ('SEO25JM08', 20, '검사실', 'T_03_03'),
    ('SEO25LH09', 21, '상담실', 'U_01_01'),
    ('SEO25LH09', 21, '내시경실', 'U_01_02'),
    ('SEO25LH09', 21, '채혈실', 'U_01_03'),
    ('SEO25LH09', 21, '중환자실', 'U_02_01'),
    ('SEO25LH09', 21, '채혈실', 'U_02_02'),
    ('SEO25LH09', 21, '내시경실', 'U_02_03'),
    ('SEO25LH09', 21, '재활센터', 'U_03_01'),
    ('SEO25LH09', 21, '채혈실', 'U_03_02'),
    ('SEO25LH09', 21, '대기실', 'U_03_03'),
    ('SEO25LH09', 22, '수술실', 'V_01_01'),
    ('SEO25LH09', 22, '응급실', 'V_01_02'),
    ('SEO25LH09', 22, '대기실', 'V_01_03'),
    ('SEO25LH09', 22, '내시경실', 'V_02_01'),
    ('SEO25LH09', 22, '검사실', 'V_02_02'),
    ('SEO25LH09', 22, '검사실', 'V_02_03'),
    ('SEO25LH09', 22, '상담실', 'V_03_01'),
    ('SEO25LH09', 22, '중환자실', 'V_03_02'),
    ('SEO25LH09', 22, 'MRI실', 'V_03_03'),
    ('SEO25LH09', 23, '진료실', 'W_01_01'),
    ('SEO25LH09', 23, '진료실', 'W_01_02'),
    ('SEO25LH09', 23, '중환자실', 'W_01_03'),
    ('SEO25LH09', 23, '입원실', 'W_02_01'),
    ('SEO25LH09', 23, '응급실', 'W_02_02'),
    ('SEO25LH09', 23, '검사실', 'W_02_03'),
    ('SEO25LH09', 23, '상담실', 'W_03_01'),
    ('SEO25LH09', 23, 'MRI실', 'W_03_02'),
    ('SEO25LH09', 23, '검사실', 'W_03_03'),
    ('SEO25HG10', 24, 'CT실', 'X_01_01'),
    ('SEO25HG10', 24, '검사실', 'X_01_02'),
    ('SEO25HG10', 24, '채혈실', 'X_01_03'),
    ('SEO25HG10', 24, '중환자실', 'X_02_01'),
    ('SEO25HG10', 24, '대기실', 'X_02_02'),
    ('SEO25HG10', 24, '재활센터', 'X_02_03'),
    ('SEO25HG10', 24, '재활센터', 'X_03_01'),
    ('SEO25HG10', 24, '수술실', 'X_03_02'),
    ('SEO25HG10', 24, '입원실', 'X_03_03'),
    ('SEO25HG10', 25, '중환자실', 'Y_01_01'),
    ('SEO25HG10', 25, '재활센터', 'Y_01_02'),
    ('SEO25HG10', 25, '입원실', 'Y_01_03'),
    ('SEO25HG10', 25, '내시경실', 'Y_02_01'),
    ('SEO25HG10', 25, '재활센터', 'Y_02_02'),
    ('SEO25HG10', 25, '내시경실', 'Y_02_03'),
    ('SEO25HG10', 25, '영상의학센터', 'Y_03_01'),
    ('SEO25HG10', 25, '영상의학센터', 'Y_03_02'),
    ('SEO25HG10', 25, '영상의학센터', 'Y_03_03');

-- ==========================
-- HOSPITAL_POLICY 테이블 더미 데이터
-- ==========================
INSERT INTO hospital_policy (hospital_policy_reserve_day_offset, hospital_policy_cutoff_time, hospital_policy_max_guardian_num, tenant_id)
VALUES
    (3, '09:00:00', 1, 'SEO25NE01'),
    (3, '09:00:00', 1, 'SEO25W102'),
    (3, '09:00:00', 1, 'SEO25ZG03'),
    (3, '09:00:00', 1, 'SEO25NY04'),
    (3, '09:00:00', 1, 'SEO259W05'),
    (3, '09:00:00', 1, 'SEO25KG06'),
    (3, '09:00:00', 1, 'SEO25D107'),
    (3, '09:00:00', 1, 'SEO25JM08'),
    (3, '09:00:00', 1, 'SEO25LH09'),
    (3, '09:00:00', 1, 'SEO25HG10');